id;first_name;last_name;address;city;telephone
1;Gerardo;Leannon;mountain scorn;South Reidmouth;1-882-458-8453 x5679
2;Florencio;Schumm;less sermon;Aronshire;(381) 876-5034 x1990
3;Marco;Steuber;what;Walkerland;1-651-901-9029 x471
4;Gerardo;Robel;as lonely sit;Hacketttown;(855) 255-3164 x0176
5;Donny;Reichel;brr;Fort Myers;1-970-480-0316 x5581
6;Eulah;Morar-Murray;frequent adventurously jell;South Javonte;993-365-4888
7;Georgiana;Littel;jell invite furthermore;Erdmanborough;594-576-6890 x2034
8;Eryn;Mayert;grim encode elegantly;Bayonne;1-882-508-1719
9;Estelle;Stokes;when lashes;Nathanialworth;855-798-8807
10;Beryl;Hansen;unearth;Marcellafurt;871-621-9020 x90410
